epoch,step,train_acc,val_acc,val_loss
0,23,,0.21714285016059875,2.1255886554718018
0,23,0.169921875,,
1,47,,0.2742857038974762,1.9592499732971191
1,47,0.296875,,
