epoch,step,train_acc,val_acc,val_loss
0,23,,0.23999999463558197,2.369194746017456
0,23,0.1569010466337204,,
